<?xml version="1.0" encoding="UTF-8" standalone="yes"?>
<manifest>
  <control namespace="fairozdev" constructor="MultiSelectLookup" version="0.0.5" display-name-key="MultiSelectLookup" description-key="MultiSelect Lookup Component" control-type="standard" api-version="1.3.18">
    <external-service-usage enabled="false"/>
    <data-set name="items" display-name-key="Items"/>
    <property name="lookupLabel" display-name-key="Lookup Label" description-key="Lookup label" of-type="SingleLine.Text" usage="input" required="false"/>
    <resources>
      <code path="bundle.js" order="1"/>
    </resources>
    <feature-usage>
      <uses-feature name="Utility" required="true"/>
      <uses-feature name="WebAPI" required="true"/>
    </feature-usage>
    <built-by name="pac" version="1.44.2"/>
  </control>
</manifest>